threat_threshold,anomaly_threshold,threat_recall,missed_incidents,critical_device_missed_incidents,triage_precision,f1_score,alerts_reviewed,alerts_suppressed,analyst_hours,safety_status
0.3,0.5,1.0,0,0,0.6167,0.7629,1996,3334,266.13,SAFE
0.3,0.55,1.0,0,0,0.6167,0.7629,1996,3334,266.13,SAFE
0.3,0.6,1.0,0,0,0.6167,0.7629,1996,3334,266.13,SAFE
0.3,0.65,1.0,0,0,0.6167,0.7629,1996,3334,266.13,SAFE
0.3,0.7,1.0,0,0,0.6167,0.7629,1996,3334,266.13,SAFE
0.3,0.75,1.0,0,0,0.6167,0.7629,1996,3334,266.13,SAFE
0.3,0.8,1.0,0,0,0.6167,0.7629,1996,3334,266.13,SAFE
0.35,0.5,1.0,0,0,0.6167,0.7629,1996,3334,266.13,SAFE
0.35,0.55,1.0,0,0,0.6167,0.7629,1996,3334,266.13,SAFE
0.35,0.6,1.0,0,0,0.6167,0.7629,1996,3334,266.13,SAFE
0.35,0.65,1.0,0,0,0.6167,0.7629,1996,3334,266.13,SAFE
0.35,0.7,1.0,0,0,0.6167,0.7629,1996,3334,266.13,SAFE
0.35,0.75,1.0,0,0,0.6167,0.7629,1996,3334,266.13,SAFE
0.35,0.8,1.0,0,0,0.6167,0.7629,1996,3334,266.13,SAFE
0.4,0.5,1.0,0,0,0.6167,0.7629,1996,3334,266.13,SAFE
0.4,0.55,1.0,0,0,0.6167,0.7629,1996,3334,266.13,SAFE
0.4,0.6,1.0,0,0,0.6167,0.7629,1996,3334,266.13,SAFE
0.4,0.65,1.0,0,0,0.6167,0.7629,1996,3334,266.13,SAFE
0.4,0.7,1.0,0,0,0.6167,0.7629,1996,3334,266.13,SAFE
0.4,0.75,1.0,0,0,0.6167,0.7629,1996,3334,266.13,SAFE
0.4,0.8,1.0,0,0,0.6167,0.7629,1996,3334,266.13,SAFE
0.45,0.5,1.0,0,0,0.6167,0.7629,1996,3334,266.13,SAFE
0.45,0.55,1.0,0,0,0.6167,0.7629,1996,3334,266.13,SAFE
0.45,0.6,1.0,0,0,0.6167,0.7629,1996,3334,266.13,SAFE
0.45,0.65,1.0,0,0,0.6167,0.7629,1996,3334,266.13,SAFE
0.45,0.7,1.0,0,0,0.6167,0.7629,1996,3334,266.13,SAFE
0.45,0.75,1.0,0,0,0.6167,0.7629,1996,3334,266.13,SAFE
0.45,0.8,1.0,0,0,0.6167,0.7629,1996,3334,266.13,SAFE
0.5,0.5,0.9984,2,0,0.6185,0.7638,1987,3341,264.93,UNSAFE
0.5,0.55,0.9984,2,0,0.6185,0.7638,1987,3341,264.93,UNSAFE
0.5,0.6,0.9984,2,0,0.6185,0.7638,1987,3341,264.93,UNSAFE
0.5,0.65,0.9984,2,0,0.6185,0.7638,1987,3341,264.93,UNSAFE
0.5,0.7,0.9984,2,0,0.6185,0.7638,1987,3341,264.93,UNSAFE
0.5,0.75,0.9984,2,0,0.6185,0.7638,1987,3341,264.93,UNSAFE
0.5,0.8,0.9984,2,0,0.6185,0.7638,1987,3341,264.93,UNSAFE
0.55,0.5,0.9984,2,0,0.6185,0.7638,1987,3341,264.93,UNSAFE
0.55,0.55,0.9984,2,0,0.6185,0.7638,1987,3341,264.93,UNSAFE
0.55,0.6,0.9984,2,0,0.6185,0.7638,1987,3341,264.93,UNSAFE
0.55,0.65,0.9984,2,0,0.6185,0.7638,1987,3341,264.93,UNSAFE
0.55,0.7,0.9984,2,0,0.6185,0.7638,1987,3341,264.93,UNSAFE
0.55,0.75,0.9984,2,0,0.6185,0.7638,1987,3341,264.93,UNSAFE
0.55,0.8,0.9984,2,0,0.6185,0.7638,1987,3341,264.93,UNSAFE
0.6,0.5,0.9984,2,0,0.6185,0.7638,1987,3341,264.93,UNSAFE
0.6,0.55,0.9984,2,0,0.6185,0.7638,1987,3341,264.93,UNSAFE
0.6,0.6,0.9984,2,0,0.6185,0.7638,1987,3341,264.93,UNSAFE
0.6,0.65,0.9984,2,0,0.6185,0.7638,1987,3341,264.93,UNSAFE
0.6,0.7,0.9984,2,0,0.6185,0.7638,1987,3341,264.93,UNSAFE
0.6,0.75,0.9984,2,0,0.6185,0.7638,1987,3341,264.93,UNSAFE
0.6,0.8,0.9984,2,0,0.6185,0.7638,1987,3341,264.93,UNSAFE
0.65,0.5,0.9984,2,0,0.6185,0.7638,1987,3341,264.93,UNSAFE
0.65,0.55,0.9984,2,0,0.6185,0.7638,1987,3341,264.93,UNSAFE
0.65,0.6,0.9984,2,0,0.6185,0.7638,1987,3341,264.93,UNSAFE
0.65,0.65,0.9984,2,0,0.6185,0.7638,1987,3341,264.93,UNSAFE
0.65,0.7,0.9984,2,0,0.6185,0.7638,1987,3341,264.93,UNSAFE
0.65,0.75,0.9984,2,0,0.6185,0.7638,1987,3341,264.93,UNSAFE
0.65,0.8,0.9984,2,0,0.6185,0.7638,1987,3341,264.93,UNSAFE
0.7,0.5,0.9984,2,0,0.6185,0.7638,1987,3341,264.93,UNSAFE
0.7,0.55,0.9984,2,0,0.6185,0.7638,1987,3341,264.93,UNSAFE
0.7,0.6,0.9984,2,0,0.6185,0.7638,1987,3341,264.93,UNSAFE
0.7,0.65,0.9984,2,0,0.6185,0.7638,1987,3341,264.93,UNSAFE
0.7,0.7,0.9984,2,0,0.6185,0.7638,1987,3341,264.93,UNSAFE
0.7,0.75,0.9984,2,0,0.6185,0.7638,1987,3341,264.93,UNSAFE
0.7,0.8,0.9984,2,0,0.6185,0.7638,1987,3341,264.93,UNSAFE
