alert_id,timestamp,recommendation,analyst_decision,override_flag,override_reason,analyst_id
ALT-11323,2026-09-09T10:09:36.231894,INVESTIGATE,FALSE_POSITIVE,1,Medical device involved,ANL-104
ALT-11839,2026-09-09T10:09:36.231894,LIKELY_FALSE_POSITIVE,FALSE_POSITIVE,0,,ANL-102
ALT-10798,2026-09-09T10:09:36.231894,LIKELY_FALSE_POSITIVE,FALSE_POSITIVE,0,,ANL-101
ALT-13856,2026-09-09T10:09:36.231894,INVESTIGATE,BENIGN,0,,ANL-103
ALT-14553,2026-09-09T10:09:36.231894,INVESTIGATE,TRUE_POSITIVE,0,,ANL-104
ALT-10856,2026-09-09T10:09:36.231894,INVESTIGATE,FALSE_POSITIVE,1,Medical device involved,ANL-103
ALT-12333,2026-09-09T10:09:36.231894,LIKELY_FALSE_POSITIVE,FALSE_POSITIVE,0,,ANL-105
ALT-12499,2026-09-09T10:09:36.231894,INVESTIGATE,BENIGN,0,,ANL-102
ALT-15011,2026-09-09T10:09:36.232893,INVESTIGATE,TRUE_POSITIVE,0,,ANL-101
ALT-14883,2026-09-09T10:09:36.232893,INVESTIGATE,FALSE_POSITIVE,1,Analyst investigation required,ANL-101
ALT-14710,2026-09-09T10:09:36.232893,INVESTIGATE,BENIGN,0,,ANL-105
ALT-10655,2026-09-09T10:09:36.232893,INVESTIGATE,FALSE_POSITIVE,1,Medical device involved,ANL-102
ALT-12101,2026-09-09T10:09:36.232893,INVESTIGATE,FALSE_POSITIVE,1,Analyst investigation required,ANL-105
ALT-10893,2026-09-09T10:09:36.232893,LIKELY_FALSE_POSITIVE,BENIGN,1,Analyst investigation required,ANL-102
ALT-10373,2026-09-09T10:09:36.232893,INVESTIGATE,FALSE_POSITIVE,1,Model incorrect,ANL-102
ALT-10297,2026-09-09T10:09:36.233893,INVESTIGATE,FALSE_POSITIVE,1,Medical device involved,ANL-101
ALT-13939,2026-09-09T10:09:36.233893,INVESTIGATE,BENIGN,0,,ANL-103
ALT-11808,2026-09-09T10:09:36.233893,INVESTIGATE,FALSE_POSITIVE,1,Insufficient evidence,ANL-101
ALT-14393,2026-09-09T10:09:36.233893,INVESTIGATE,FALSE_POSITIVE,1,Medical device involved,ANL-103
ALT-13586,2026-09-09T10:09:36.233893,LIKELY_FALSE_POSITIVE,BENIGN,1,New threat pattern,ANL-101
ALT-10240,2026-09-09T10:09:36.233893,INVESTIGATE,NEEDS_INVESTIGATION,0,,ANL-105
ALT-14651,2026-09-09T10:09:36.233893,INVESTIGATE,TRUE_POSITIVE,0,,ANL-102
ALT-12951,2026-09-09T10:09:36.233893,LIKELY_FALSE_POSITIVE,FALSE_POSITIVE,0,,ANL-101
ALT-12860,2026-09-09T10:09:36.233893,INVESTIGATE,TRUE_POSITIVE,0,,ANL-104
ALT-10465,2026-09-09T10:09:36.234893,LIKELY_FALSE_POSITIVE,BENIGN,1,Existing incident,ANL-101
ALT-13431,2026-09-09T10:09:36.235098,INVESTIGATE,NEEDS_INVESTIGATION,0,,ANL-103
ALT-14317,2026-09-09T10:09:36.235098,LIKELY_FALSE_POSITIVE,FALSE_POSITIVE,0,,ANL-103
ALT-10084,2026-09-09T10:09:36.235098,LIKELY_FALSE_POSITIVE,BENIGN,1,Model incorrect,ANL-104
ALT-11498,2026-09-09T10:09:36.235098,INVESTIGATE,BENIGN,0,,ANL-102
ALT-10803,2026-09-09T10:09:36.235098,INVESTIGATE,FALSE_POSITIVE,1,Insufficient evidence,ANL-102
ALT-12476,2026-09-09T10:09:36.235098,LIKELY_FALSE_POSITIVE,FALSE_POSITIVE,0,,ANL-101
ALT-10008,2026-09-09T10:09:36.235098,INVESTIGATE,FALSE_POSITIVE,1,Existing incident,ANL-104
ALT-14390,2026-09-09T10:09:36.235098,LIKELY_FALSE_POSITIVE,FALSE_POSITIVE,0,,ANL-105
ALT-11738,2026-09-09T10:09:36.236095,LIKELY_FALSE_POSITIVE,BENIGN,1,New threat pattern,ANL-102
ALT-10721,2026-09-09T10:09:36.236095,LIKELY_FALSE_POSITIVE,FALSE_POSITIVE,0,,ANL-101
ALT-11782,2026-09-09T10:09:36.236095,INVESTIGATE,FALSE_POSITIVE,1,Existing incident,ANL-101
ALT-15036,2026-09-09T10:09:36.236095,INVESTIGATE,FALSE_POSITIVE,1,Model incorrect,ANL-105
ALT-12892,2026-09-09T10:09:36.236095,INVESTIGATE,TRUE_POSITIVE,0,,ANL-102
ALT-14228,2026-09-09T10:09:36.236095,INVESTIGATE,FALSE_POSITIVE,1,Model incorrect,ANL-102
ALT-13580,2026-09-09T10:09:36.236095,INVESTIGATE,FALSE_POSITIVE,1,Insufficient evidence,ANL-104
ALT-10810,2026-09-09T10:09:36.236095,INVESTIGATE,NEEDS_INVESTIGATION,0,,ANL-103
ALT-12847,2026-09-09T10:09:36.237096,INVESTIGATE,FALSE_POSITIVE,1,Insufficient evidence,ANL-105
ALT-13094,2026-09-09T10:09:36.237096,INVESTIGATE,FALSE_POSITIVE,1,Analyst investigation required,ANL-103
ALT-12572,2026-09-09T10:09:36.237096,INVESTIGATE,BENIGN,0,,ANL-101
ALT-13303,2026-09-09T10:09:36.237096,INVESTIGATE,BENIGN,0,,ANL-102
ALT-14857,2026-09-09T10:09:36.237096,INVESTIGATE,NEEDS_INVESTIGATION,0,,ANL-102
ALT-10033,2026-09-09T10:09:36.237096,INVESTIGATE,NEEDS_INVESTIGATION,0,,ANL-104
ALT-14302,2026-09-09T10:09:36.237096,INVESTIGATE,TRUE_POSITIVE,0,,ANL-104
ALT-10711,2026-09-09T10:09:36.237096,INVESTIGATE,FALSE_POSITIVE,1,Insufficient evidence,ANL-101
ALT-14182,2026-09-09T10:09:36.237096,LIKELY_FALSE_POSITIVE,FALSE_POSITIVE,0,,ANL-103
ALT-11129,2026-09-09T10:09:36.238095,INVESTIGATE,FALSE_POSITIVE,1,New threat pattern,ANL-101
ALT-10848,2026-09-09T10:09:36.238095,INVESTIGATE,NEEDS_INVESTIGATION,0,,ANL-104
ALT-12284,2026-09-09T10:09:36.238095,LIKELY_FALSE_POSITIVE,FALSE_POSITIVE,0,,ANL-105
ALT-11630,2026-09-09T10:09:36.238095,INVESTIGATE,TRUE_POSITIVE,0,,ANL-102
ALT-10522,2026-09-09T10:09:36.238095,INVESTIGATE,NEEDS_INVESTIGATION,0,,ANL-101
ALT-13295,2026-09-09T10:09:36.238095,INVESTIGATE,FALSE_POSITIVE,1,Existing incident,ANL-103
ALT-12732,2026-09-09T10:09:36.238095,INVESTIGATE,FALSE_POSITIVE,1,Analyst investigation required,ANL-102
ALT-13613,2026-09-09T10:09:36.240097,INVESTIGATE,TRUE_POSITIVE,0,,ANL-104
ALT-10416,2026-09-09T10:09:36.241094,INVESTIGATE,BENIGN,0,,ANL-103
ALT-10439,2026-09-09T10:09:36.241094,LIKELY_FALSE_POSITIVE,FALSE_POSITIVE,0,,ANL-101
ALT-10290,2026-09-09T10:09:36.242094,LIKELY_FALSE_POSITIVE,FALSE_POSITIVE,0,,ANL-103
ALT-14292,2026-09-09T10:09:36.242094,INVESTIGATE,FALSE_POSITIVE,1,Insufficient evidence,ANL-101
ALT-10812,2026-09-09T10:09:36.242094,LIKELY_FALSE_POSITIVE,FALSE_POSITIVE,0,,ANL-105
ALT-DUP-39,2026-09-09T10:09:36.242094,LIKELY_FALSE_POSITIVE,FALSE_POSITIVE,0,,ANL-101
ALT-DUP-19,2026-09-09T10:09:36.242094,LIKELY_FALSE_POSITIVE,FALSE_POSITIVE,0,,ANL-102
ALT-14224,2026-09-09T10:09:36.243094,INVESTIGATE,FALSE_POSITIVE,1,Insufficient evidence,ANL-104
ALT-12312,2026-09-09T10:09:36.243094,INVESTIGATE,FALSE_POSITIVE,1,Analyst investigation required,ANL-103
ALT-12052,2026-09-09T10:09:36.243094,INVESTIGATE,FALSE_POSITIVE,1,Model incorrect,ANL-102
ALT-13685,2026-09-09T10:09:36.243094,INVESTIGATE,FALSE_POSITIVE,1,Model incorrect,ANL-102
ALT-11242,2026-09-09T10:09:36.243094,INVESTIGATE,TRUE_POSITIVE,0,,ANL-101
ALT-11411,2026-09-09T10:09:36.243094,LIKELY_FALSE_POSITIVE,FALSE_POSITIVE,0,,ANL-104
ALT-11751,2026-09-09T10:09:36.243094,INVESTIGATE,FALSE_POSITIVE,1,Analyst investigation required,ANL-104
ALT-13207,2026-09-09T10:09:36.244095,INVESTIGATE,TRUE_POSITIVE,0,,ANL-102
ALT-12932,2026-09-09T10:09:36.244095,INVESTIGATE,FALSE_POSITIVE,1,Analyst investigation required,ANL-103
ALT-12224,2026-09-09T10:09:36.244095,LIKELY_FALSE_POSITIVE,FALSE_POSITIVE,0,,ANL-102
ALT-13921,2026-09-09T10:09:36.244095,INVESTIGATE,BENIGN,0,,ANL-102
ALT-12191,2026-09-09T10:09:36.244095,INVESTIGATE,NEEDS_INVESTIGATION,0,,ANL-102
ALT-11073,2026-09-09T10:09:36.244095,INVESTIGATE,FALSE_POSITIVE,1,Existing incident,ANL-102
ALT-10015,2026-09-09T10:09:36.244095,INVESTIGATE,FALSE_POSITIVE,1,Existing incident,ANL-104
ALT-10079,2026-09-09T10:09:36.244095,LIKELY_FALSE_POSITIVE,FALSE_POSITIVE,0,,ANL-101
ALT-14865,2026-09-09T10:09:36.245095,INVESTIGATE,FALSE_POSITIVE,1,New threat pattern,ANL-103
ALT-14347,2026-09-09T10:09:36.245095,INVESTIGATE,FALSE_POSITIVE,1,New threat pattern,ANL-102
ALT-14288,2026-09-09T10:09:36.245095,LIKELY_FALSE_POSITIVE,BENIGN,1,Model incorrect,ANL-102
ALT-13678,2026-09-09T10:09:36.245095,INVESTIGATE,TRUE_POSITIVE,0,,ANL-105
ALT-12002,2026-09-09T10:09:36.245095,INVESTIGATE,NEEDS_INVESTIGATION,0,,ANL-101
ALT-14003,2026-09-09T10:09:36.245095,INVESTIGATE,FALSE_POSITIVE,1,New threat pattern,ANL-101
ALT-10911,2026-09-09T10:09:36.245095,INVESTIGATE,FALSE_POSITIVE,1,Analyst investigation required,ANL-102
ALT-10167,2026-09-09T10:09:36.246094,INVESTIGATE,FALSE_POSITIVE,1,Insufficient evidence,ANL-104
ALT-12689,2026-09-09T10:09:36.246272,INVESTIGATE,BENIGN,0,,ANL-105
ALT-10504,2026-09-09T10:09:36.246272,LIKELY_FALSE_POSITIVE,FALSE_POSITIVE,0,,ANL-101
ALT-14635,2026-09-09T10:09:36.246272,INVESTIGATE,NEEDS_INVESTIGATION,0,,ANL-104
ALT-11658,2026-09-09T10:09:36.246272,INVESTIGATE,BENIGN,0,,ANL-105
ALT-10567,2026-09-09T10:09:36.246272,INVESTIGATE,BENIGN,0,,ANL-105
ALT-10957,2026-09-09T10:09:36.246272,INVESTIGATE,FALSE_POSITIVE,1,New threat pattern,ANL-102
ALT-13761,2026-09-09T10:09:36.246272,INVESTIGATE,TRUE_POSITIVE,0,,ANL-101
ALT-14403,2026-09-09T10:09:36.246272,INVESTIGATE,BENIGN,0,,ANL-104
ALT-10023,2026-09-09T10:09:36.246272,LIKELY_FALSE_POSITIVE,BENIGN,1,Insufficient evidence,ANL-104
ALT-14940,2026-09-09T10:09:36.247268,INVESTIGATE,BENIGN,0,,ANL-105
ALT-11183,2026-09-09T10:09:36.247268,INVESTIGATE,NEEDS_INVESTIGATION,0,,ANL-102
ALT-11744,2026-09-09T10:09:36.247268,INVESTIGATE,BENIGN,0,,ANL-105
ALT-13835,2026-09-09T10:09:36.247268,INVESTIGATE,BENIGN,0,,ANL-104
ALT-14800,2026-09-09T10:09:36.247268,LIKELY_FALSE_POSITIVE,FALSE_POSITIVE,0,,ANL-102
ALT-12561,2026-09-09T10:09:36.247268,INVESTIGATE,TRUE_POSITIVE,0,,ANL-101
ALT-12813,2026-09-09T10:09:36.247268,INVESTIGATE,FALSE_POSITIVE,1,Existing incident,ANL-104
ALT-14195,2026-09-09T10:09:36.247268,LIKELY_FALSE_POSITIVE,NEEDS_INVESTIGATION,1,Medical device involved,ANL-103
ALT-14672,2026-09-09T10:09:36.248268,INVESTIGATE,TRUE_POSITIVE,0,,ANL-103
ALT-13624,2026-09-09T10:09:36.248268,INVESTIGATE,FALSE_POSITIVE,1,Model incorrect,ANL-102
ALT-12067,2026-09-09T10:09:36.248268,LIKELY_FALSE_POSITIVE,FALSE_POSITIVE,0,,ANL-103
ALT-11557,2026-09-09T10:09:36.248268,INVESTIGATE,BENIGN,0,,ANL-101
ALT-11425,2026-09-09T10:09:36.248268,INVESTIGATE,NEEDS_INVESTIGATION,0,,ANL-103
ALT-10898,2026-09-09T10:09:36.248268,INVESTIGATE,FALSE_POSITIVE,1,Insufficient evidence,ANL-101
ALT-13459,2026-09-09T10:09:36.248268,INVESTIGATE,FALSE_POSITIVE,1,Analyst investigation required,ANL-102
ALT-14058,2026-09-09T10:09:36.248268,INVESTIGATE,TRUE_POSITIVE,0,,ANL-105
ALT-13074,2026-09-09T10:09:36.249268,INVESTIGATE,FALSE_POSITIVE,1,New threat pattern,ANL-101
ALT-14654,2026-09-09T10:09:36.249268,LIKELY_FALSE_POSITIVE,BENIGN,1,New threat pattern,ANL-105
ALT-11788,2026-09-09T10:09:36.249268,INVESTIGATE,FALSE_POSITIVE,1,Medical device involved,ANL-103
ALT-11626,2026-09-09T10:09:36.249268,LIKELY_FALSE_POSITIVE,FALSE_POSITIVE,0,,ANL-101
ALT-14678,2026-09-09T10:09:36.249268,LIKELY_FALSE_POSITIVE,FALSE_POSITIVE,0,,ANL-105
ALT-14617,2026-09-09T10:09:36.249268,INVESTIGATE,TRUE_POSITIVE,0,,ANL-102
ALT-13903,2026-09-09T10:09:36.249268,INVESTIGATE,FALSE_POSITIVE,1,New threat pattern,ANL-105
ALT-14805,2026-09-09T10:09:36.249268,INVESTIGATE,FALSE_POSITIVE,1,New threat pattern,ANL-104
ALT-10239,2026-09-09T10:09:36.250268,LIKELY_FALSE_POSITIVE,FALSE_POSITIVE,0,,ANL-102
ALT-10742,2026-09-09T10:09:36.250268,INVESTIGATE,TRUE_POSITIVE,0,,ANL-102
ALT-13516,2026-09-09T10:09:36.250268,INVESTIGATE,FALSE_POSITIVE,1,Medical device involved,ANL-105
ALT-11181,2026-09-09T10:09:36.250268,INVESTIGATE,BENIGN,0,,ANL-104
ALT-12195,2026-09-09T10:09:36.250268,LIKELY_FALSE_POSITIVE,BENIGN,1,Analyst investigation required,ANL-105
ALT-13214,2026-09-09T10:09:36.250268,INVESTIGATE,FALSE_POSITIVE,1,Insufficient evidence,ANL-104
ALT-DUP-5,2026-09-09T10:09:36.250268,INVESTIGATE,FALSE_POSITIVE,1,New threat pattern,ANL-102
ALT-12525,2026-09-09T10:09:36.251268,INVESTIGATE,FALSE_POSITIVE,1,New threat pattern,ANL-105
ALT-11513,2026-09-09T10:09:36.251268,INVESTIGATE,FALSE_POSITIVE,1,Model incorrect,ANL-102
ALT-11039,2026-09-09T10:09:36.251268,LIKELY_FALSE_POSITIVE,BENIGN,1,Existing incident,ANL-103
ALT-DUP-11,2026-09-09T10:09:36.251268,LIKELY_FALSE_POSITIVE,FALSE_POSITIVE,0,,ANL-102
ALT-10510,2026-09-09T10:09:36.251268,INVESTIGATE,FALSE_POSITIVE,1,Analyst investigation required,ANL-102
ALT-12029,2026-09-09T10:09:36.251268,LIKELY_FALSE_POSITIVE,FALSE_POSITIVE,0,,ANL-102
ALT-13557,2026-09-09T10:09:36.251268,INVESTIGATE,FALSE_POSITIVE,1,Existing incident,ANL-102
ALT-14325,2026-09-09T10:09:36.251268,INVESTIGATE,NEEDS_INVESTIGATION,0,,ANL-103
ALT-DUP-60,2026-09-09T10:09:36.252268,INVESTIGATE,BENIGN,0,,ANL-104
ALT-13095,2026-09-09T10:09:36.252268,LIKELY_FALSE_POSITIVE,FALSE_POSITIVE,0,,ANL-105
ALT-14467,2026-09-09T10:09:36.252268,INVESTIGATE,FALSE_POSITIVE,1,Medical device involved,ANL-104
ALT-10296,2026-09-09T10:09:36.252268,INVESTIGATE,TRUE_POSITIVE,0,,ANL-101
ALT-12505,2026-09-09T10:09:36.252268,INVESTIGATE,FALSE_POSITIVE,1,Insufficient evidence,ANL-104
ALT-10080,2026-09-09T10:09:36.252268,INVESTIGATE,TRUE_POSITIVE,0,,ANL-105
ALT-10932,2026-09-09T10:09:36.252268,INVESTIGATE,NEEDS_INVESTIGATION,0,,ANL-105
ALT-10168,2026-09-09T10:09:36.252268,LIKELY_FALSE_POSITIVE,FALSE_POSITIVE,0,,ANL-105
ALT-14801,2026-09-09T10:09:36.253268,INVESTIGATE,FALSE_POSITIVE,1,Insufficient evidence,ANL-103
ALT-13163,2026-09-09T10:09:36.253268,INVESTIGATE,FALSE_POSITIVE,1,New threat pattern,ANL-103
ALT-14173,2026-09-09T10:09:36.253268,INVESTIGATE,FALSE_POSITIVE,1,Model incorrect,ANL-101
ALT-13671,2026-09-09T10:09:36.253268,INVESTIGATE,FALSE_POSITIVE,1,New threat pattern,ANL-104
ALT-12622,2026-09-09T10:09:36.253268,LIKELY_FALSE_POSITIVE,BENIGN,1,Analyst investigation required,ANL-105
ALT-12905,2026-09-09T10:09:36.253268,LIKELY_FALSE_POSITIVE,FALSE_POSITIVE,0,,ANL-103
